<?xml version="1.0" encoding="UTF-8"?>
<metadata xml:lang="en"><Esri><CreaDate>20201125</CreaDate><CreaTime>18503100</CreaTime><ArcGISFormat>1.0</ArcGISFormat><SyncOnce>FALSE</SyncOnce><DataProperties><lineage><Process ToolSource="c:\program files\arcgis\pro\Resources\ArcToolbox\toolboxes\Data Management Tools.tbx\DeleteField" Date="20201125" Time="185031">DeleteField JOR_adm1 ID_0;ISO;NAME_0;ID_1;TYPE_1;ENGTYPE_1;NL_NAME_1;VARNAME_1</Process><Process ToolSource="c:\program files\arcgis\pro\Resources\ArcToolbox\toolboxes\Data Management Tools.tbx\UpdateSchema" Date="20201125" Time="190301">UpdateSchema "CIMDATA=&lt;CIMStandardDataConnection xsi:type='typens:CIMStandardDataConnection' xmlns:xsi='http://www.w3.org/2001/XMLSchema-instance' xmlns:xs='http://www.w3.org/2001/XMLSchema' xmlns:typens='http://www.esri.com/schemas/ArcGIS/2.6.0'&gt;&lt;WorkspaceConnectionString&gt;DATABASE=C:\Users\mturi\Downloads\jordan&lt;/WorkspaceConnectionString&gt;&lt;WorkspaceFactory&gt;Shapefile&lt;/WorkspaceFactory&gt;&lt;Dataset&gt;JOR_adm1.shp&lt;/Dataset&gt;&lt;DatasetType&gt;esriDTFeatureClass&lt;/DatasetType&gt;&lt;/CIMStandardDataConnection&gt;" &lt;operationSequence&gt;&lt;workflow&gt;&lt;AddField&gt;&lt;field_name&gt;Population&lt;/field_name&gt;&lt;field_type&gt;LONG&lt;/field_type&gt;&lt;field_is_nullable&gt;False&lt;/field_is_nullable&gt;&lt;field_is_required&gt;False&lt;/field_is_required&gt;&lt;/AddField&gt;&lt;/workflow&gt;&lt;/operationSequence&gt;</Process><Process ToolSource="c:\program files\arcgis\pro\Resources\ArcToolbox\toolboxes\Data Management Tools.tbx\UpdateSchema" Date="20201125" Time="191002">UpdateSchema "CIMDATA=&lt;CIMStandardDataConnection xsi:type='typens:CIMStandardDataConnection' xmlns:xsi='http://www.w3.org/2001/XMLSchema-instance' xmlns:xs='http://www.w3.org/2001/XMLSchema' xmlns:typens='http://www.esri.com/schemas/ArcGIS/2.6.0'&gt;&lt;WorkspaceConnectionString&gt;DATABASE=C:\Users\mturi\Downloads\jordan&lt;/WorkspaceConnectionString&gt;&lt;WorkspaceFactory&gt;Shapefile&lt;/WorkspaceFactory&gt;&lt;Dataset&gt;JOR_adm1.shp&lt;/Dataset&gt;&lt;DatasetType&gt;esriDTFeatureClass&lt;/DatasetType&gt;&lt;/CIMStandardDataConnection&gt;" &lt;operationSequence&gt;&lt;workflow&gt;&lt;AddField&gt;&lt;field_name&gt;RegionName&lt;/field_name&gt;&lt;field_type&gt;LONG&lt;/field_type&gt;&lt;field_is_nullable&gt;False&lt;/field_is_nullable&gt;&lt;field_is_required&gt;False&lt;/field_is_required&gt;&lt;/AddField&gt;&lt;/workflow&gt;&lt;/operationSequence&gt;</Process><Process ToolSource="c:\program files\arcgis\pro\Resources\ArcToolbox\toolboxes\Data Management Tools.tbx\UpdateSchema" Date="20201125" Time="191036">UpdateSchema "CIMDATA=&lt;CIMStandardDataConnection xsi:type='typens:CIMStandardDataConnection' xmlns:xsi='http://www.w3.org/2001/XMLSchema-instance' xmlns:xs='http://www.w3.org/2001/XMLSchema' xmlns:typens='http://www.esri.com/schemas/ArcGIS/2.6.0'&gt;&lt;WorkspaceConnectionString&gt;DATABASE=C:\Users\mturi\Downloads\jordan&lt;/WorkspaceConnectionString&gt;&lt;WorkspaceFactory&gt;Shapefile&lt;/WorkspaceFactory&gt;&lt;Dataset&gt;JOR_adm1.shp&lt;/Dataset&gt;&lt;DatasetType&gt;esriDTFeatureClass&lt;/DatasetType&gt;&lt;/CIMStandardDataConnection&gt;" &lt;operationSequence&gt;&lt;workflow&gt;&lt;DeleteField&gt;&lt;field_name&gt;RegionName&lt;/field_name&gt;&lt;/DeleteField&gt;&lt;/workflow&gt;&lt;/operationSequence&gt;</Process><Process ToolSource="c:\program files\arcgis\pro\Resources\ArcToolbox\toolboxes\Data Management Tools.tbx\UpdateSchema" Date="20201125" Time="191101">UpdateSchema "CIMDATA=&lt;CIMStandardDataConnection xsi:type='typens:CIMStandardDataConnection' xmlns:xsi='http://www.w3.org/2001/XMLSchema-instance' xmlns:xs='http://www.w3.org/2001/XMLSchema' xmlns:typens='http://www.esri.com/schemas/ArcGIS/2.6.0'&gt;&lt;WorkspaceConnectionString&gt;DATABASE=C:\Users\mturi\Downloads\jordan&lt;/WorkspaceConnectionString&gt;&lt;WorkspaceFactory&gt;Shapefile&lt;/WorkspaceFactory&gt;&lt;Dataset&gt;JOR_adm1.shp&lt;/Dataset&gt;&lt;DatasetType&gt;esriDTFeatureClass&lt;/DatasetType&gt;&lt;/CIMStandardDataConnection&gt;" &lt;operationSequence&gt;&lt;workflow&gt;&lt;AddField&gt;&lt;field_name&gt;RegionName&lt;/field_name&gt;&lt;field_type&gt;TEXT&lt;/field_type&gt;&lt;field_length&gt;255&lt;/field_length&gt;&lt;field_is_nullable&gt;False&lt;/field_is_nullable&gt;&lt;field_is_required&gt;False&lt;/field_is_required&gt;&lt;/AddField&gt;&lt;/workflow&gt;&lt;/operationSequence&gt;</Process><Process ToolSource="c:\program files\arcgis\pro\Resources\ArcToolbox\toolboxes\Data Management Tools.tbx\DeleteField" Date="20201125" Time="191540">DeleteField JOR_adm1 NAME_1</Process><Process ToolSource="c:\program files\arcgis\pro\Resources\ArcToolbox\toolboxes\Conversion Tools.tbx\FeatureClassToFeatureClass" Date="20201125" Time="191613">FeatureClassToFeatureClass JOR_adm1 C:\Users\mturi\Projects\IGME-386\FinalProject\static\bin\jordan_regions jordan_regions.shp # "Population "Population" true true false 10 Long 0 10,First,#,JOR_adm1,Population,-1,-1;RegionName "Region Name" true true false 254 Text 0 0,First,#,JOR_adm1,RegionName,0,254" #</Process></lineage><itemProps><itemName Sync="TRUE">jordan_regions</itemName><imsContentType Sync="TRUE">002</imsContentType><itemSize Sync="TRUE">0.000</itemSize><itemLocation><linkage Sync="TRUE">file://\\ATLAS\C$\Users\mturi\Projects\IGME-386\FinalProject\static\bin\jordan_regions\jordan_regions.shp</linkage><protocol Sync="TRUE">Local Area Network</protocol></itemLocation></itemProps><coordRef><type Sync="TRUE">Geographic</type><geogcsn Sync="TRUE">GCS_WGS_1984</geogcsn><csUnits Sync="TRUE">Angular Unit: Degree (0.017453)</csUnits><peXml Sync="TRUE">&lt;GeographicCoordinateSystem xsi:type='typens:GeographicCoordinateSystem' xmlns:xsi='http://www.w3.org/2001/XMLSchema-instance' xmlns:xs='http://www.w3.org/2001/XMLSchema' xmlns:typens='http://www.esri.com/schemas/ArcGIS/2.6.0'&gt;&lt;WKT&gt;GEOGCS[&amp;quot;GCS_WGS_1984&amp;quot;,DATUM[&amp;quot;D_WGS_1984&amp;quot;,SPHEROID[&amp;quot;WGS_1984&amp;quot;,6378137.0,298.257223563]],PRIMEM[&amp;quot;Greenwich&amp;quot;,0.0],UNIT[&amp;quot;Degree&amp;quot;,0.0174532925199433],AUTHORITY[&amp;quot;EPSG&amp;quot;,4326]]&lt;/WKT&gt;&lt;XOrigin&gt;-400&lt;/XOrigin&gt;&lt;YOrigin&gt;-400&lt;/YOrigin&gt;&lt;XYScale&gt;11258999068426.238&lt;/XYScale&gt;&lt;ZOrigin&gt;-100000&lt;/ZOrigin&gt;&lt;ZScale&gt;10000&lt;/ZScale&gt;&lt;MOrigin&gt;-100000&lt;/MOrigin&gt;&lt;MScale&gt;10000&lt;/MScale&gt;&lt;XYTolerance&gt;8.983152841195215e-09&lt;/XYTolerance&gt;&lt;ZTolerance&gt;0.001&lt;/ZTolerance&gt;&lt;MTolerance&gt;0.001&lt;/MTolerance&gt;&lt;HighPrecision&gt;true&lt;/HighPrecision&gt;&lt;LeftLongitude&gt;-180&lt;/LeftLongitude&gt;&lt;WKID&gt;4326&lt;/WKID&gt;&lt;LatestWKID&gt;4326&lt;/LatestWKID&gt;&lt;/GeographicCoordinateSystem&gt;</peXml></coordRef><LayerFile>{"type":"CIMLayerDocument","version":"2.6.0","build":24783,"layers":["CIMPATH=map/jordan_regions.xml"],"layerDefinitions":[{"type":"CIMFeatureLayer","name":"jordan_regions","uRI":"CIMPATH=map/jordan_regions.xml","sourceModifiedTime":{"type":"TimeInstant"},"useSourceMetadata":true,"description":"jordan_regions","layerElevation":{"type":"CIMLayerElevationSurface","mapElevationID":"{D81B85A8-56C2-4F7E-92E5-48DAAEEB274F}"},"expanded":true,"layerType":"Operational","showLegends":true,"visibility":true,"displayCacheType":"Permanent","maxDisplayCacheAge":5,"showPopups":true,"serviceLayerID":-1,"refreshRate":-1,"refreshRateUnit":"esriTimeUnitsSeconds","autoGenerateFeatureTemplates":true,"featureElevationExpression":"0","featureTable":{"type":"CIMFeatureTable","displayField":"RegionName","editable":true,"dataConnection":{"type":"CIMStandardDataConnection","workspaceConnectionString":"DATABASE=..\\..\\..\\..\\Projects\\IGME-386\\FinalProject\\static\\bin\\jordan_regions","workspaceFactory":"Shapefile","dataset":"jordan_regions","datasetType":"esriDTFeatureClass"},"studyAreaSpatialRel":"esriSpatialRelUndefined","searchOrder":"esriSearchOrderSpatial"},"htmlPopupEnabled":true,"selectable":true,"featureCacheType":"Session","displayFiltersType":"ByScale","labelClasses":[{"type":"CIMLabelClass","expression":"$feature.NAME_0","expressionEngine":"Arcade","featuresToLabel":"AllVisibleFeatures","maplexLabelPlacementProperties":{"type":"CIMMaplexLabelPlacementProperties","featureType":"Polygon","avoidPolygonHoles":true,"canOverrunFeature":true,"canPlaceLabelOutsidePolygon":true,"canRemoveOverlappingLabel":true,"canStackLabel":true,"connectionType":"Unambiguous","constrainOffset":"NoConstraint","contourAlignmentType":"Page","contourLadderType":"Straight","contourMaximumAngle":90,"enableConnection":true,"featureWeight":0,"fontHeightReductionLimit":4,"fontHeightReductionStep":0.5,"fontWidthReductionLimit":90,"fontWidthReductionStep":5,"graticuleAlignmentType":"Straight","keyNumberGroupName":"Default","labelBuffer":15,"labelLargestPolygon":true,"labelPriority":-1,"labelStackingProperties":{"type":"CIMMaplexLabelStackingProperties","stackAlignment":"ChooseBest","maximumNumberOfLines":3,"minimumNumberOfCharsPerLine":3,"maximumNumberOfCharsPerLine":24,"separators":[{"type":"CIMMaplexStackingSeparator","separator":" ","splitAfter":true},{"type":"CIMMaplexStackingSeparator","separator":",","visible":true,"splitAfter":true}]},"lineFeatureType":"General","linePlacementMethod":"OffsetCurvedFromLine","maximumLabelOverrun":80,"maximumLabelOverrunUnit":"Point","minimumFeatureSizeUnit":"Map","multiPartOption":"OneLabelPerPart","offsetAlongLineProperties":{"type":"CIMMaplexOffsetAlongLineProperties","placementMethod":"BestPositionAlongLine","labelAnchorPoint":"CenterOfLabel","distanceUnit":"Percentage","useLineDirection":true},"pointExternalZonePriorities":{"type":"CIMMaplexExternalZonePriorities","aboveLeft":4,"aboveCenter":2,"aboveRight":1,"centerRight":3,"belowRight":5,"belowCenter":7,"belowLeft":8,"centerLeft":6},"pointPlacementMethod":"AroundPoint","polygonAnchorPointType":"GeometricCenter","polygonBoundaryWeight":0,"polygonExternalZones":{"type":"CIMMaplexExternalZonePriorities","aboveLeft":4,"aboveCenter":2,"aboveRight":1,"centerRight":3,"belowRight":5,"belowCenter":7,"belowLeft":8,"centerLeft":6},"polygonFeatureType":"General","polygonInternalZones":{"type":"CIMMaplexInternalZonePriorities","center":1},"polygonPlacementMethod":"HorizontalInPolygon","primaryOffset":1,"primaryOffsetUnit":"Point","removeExtraWhiteSpace":true,"repetitionIntervalUnit":"Point","rotationProperties":{"type":"CIMMaplexRotationProperties","rotationType":"Arithmetic","alignmentType":"Straight"},"secondaryOffset":100,"strategyPriorities":{"type":"CIMMaplexStrategyPriorities","stacking":1,"overrun":2,"fontCompression":3,"fontReduction":4,"abbreviation":5},"thinningDistanceUnit":"Point","truncationMarkerCharacter":".","truncationMinimumLength":1,"truncationPreferredCharacters":"aeiou","truncationExcludedCharacters":"0123456789"},"name":"Class 1","priority":-1,"standardLabelPlacementProperties":{"type":"CIMStandardLabelPlacementProperties","featureType":"Line","featureWeight":"Low","labelWeight":"High","numLabelsOption":"OneLabelPerName","lineLabelPosition":{"type":"CIMStandardLineLabelPosition","above":true,"inLine":true,"parallel":true},"lineLabelPriorities":{"type":"CIMStandardLineLabelPriorities","aboveStart":3,"aboveAlong":3,"aboveEnd":3,"centerStart":3,"centerAlong":3,"centerEnd":3,"belowStart":3,"belowAlong":3,"belowEnd":3},"pointPlacementMethod":"AroundPoint","pointPlacementPriorities":{"type":"CIMStandardPointPlacementPriorities","aboveLeft":2,"aboveCenter":2,"aboveRight":1,"centerLeft":3,"centerRight":2,"belowLeft":3,"belowCenter":3,"belowRight":2},"rotationType":"Arithmetic","polygonPlacementMethod":"AlwaysHorizontal"},"textSymbol":{"type":"CIMSymbolReference","symbol":{"type":"CIMTextSymbol","blockProgression":"TTB","depth3D":1,"extrapolateBaselines":true,"fontEffects":"Normal","fontEncoding":"Unicode","fontFamilyName":"Tahoma","fontStyleName":"Regular","fontType":"Unspecified","haloSize":1,"height":10,"hinting":"Default","horizontalAlignment":"Left","kerning":true,"letterWidth":100,"ligatures":true,"lineGapType":"ExtraLeading","symbol":{"type":"CIMPolygonSymbol","symbolLayers":[{"type":"CIMSolidFill","enable":true,"color":{"type":"CIMRGBColor","values":[0,0,0,100]}}]},"textCase":"Normal","textDirection":"LTR","verticalAlignment":"Bottom","verticalGlyphOrientation":"Right","wordSpacing":100,"billboardMode3D":"FaceNearPlane"}},"useCodedValue":true,"visibility":true,"iD":-1}],"renderer":{"type":"CIMSimpleRenderer","patch":"Default","symbol":{"type":"CIMSymbolReference","symbol":{"type":"CIMPolygonSymbol","symbolLayers":[{"type":"CIMSolidStroke","enable":true,"capStyle":"Round","joinStyle":"Round","lineStyle3D":"Strip","miterLimit":10,"width":0.69999999999999996,"color":{"type":"CIMRGBColor","values":[110,110,110,100]}},{"type":"CIMSolidFill","enable":true,"color":{"type":"CIMRGBColor","values":[252.449999999999989,209.53,242.44,100]}}]}}},"scaleSymbols":true,"snappable":true}]}</LayerFile></DataProperties><SyncDate>20201125</SyncDate><SyncTime>19161300</SyncTime><ModDate>20201125</ModDate><ModTime>19161300</ModTime></Esri><dataIdInfo><envirDesc Sync="TRUE">Microsoft Windows 10 Version 10.0 (Build 19041) ; Esri ArcGIS 12.6.2.24783</envirDesc><dataLang><languageCode value="eng" Sync="TRUE"></languageCode><countryCode value="USA" Sync="TRUE"></countryCode></dataLang><idCitation><resTitle Sync="TRUE">jordan_regions</resTitle><presForm><PresFormCd value="005" Sync="TRUE"></PresFormCd></presForm></idCitation><spatRpType><SpatRepTypCd value="001" Sync="TRUE"></SpatRepTypCd></spatRpType></dataIdInfo><mdLang><languageCode value="eng" Sync="TRUE"></languageCode><countryCode value="USA" Sync="TRUE"></countryCode></mdLang><mdChar><CharSetCd value="004" Sync="TRUE"></CharSetCd></mdChar><distInfo><distFormat><formatName Sync="TRUE">Shapefile</formatName></distFormat><distTranOps><transSize Sync="TRUE">0.000</transSize></distTranOps></distInfo><mdHrLv><ScopeCd value="005" Sync="TRUE"></ScopeCd></mdHrLv><mdHrLvName Sync="TRUE">dataset</mdHrLvName><refSysInfo><RefSystem><refSysID><identCode code="4326" Sync="TRUE"></identCode><idCodeSpace Sync="TRUE">EPSG</idCodeSpace><idVersion Sync="TRUE">6.14(3.0.1)</idVersion></refSysID></RefSystem></refSysInfo><spatRepInfo><VectSpatRep><geometObjs Name="jordan_regions"><geoObjTyp><GeoObjTypCd value="002" Sync="TRUE"></GeoObjTypCd></geoObjTyp><geoObjCnt Sync="TRUE">0</geoObjCnt></geometObjs><topLvl><TopoLevCd value="001" Sync="TRUE"></TopoLevCd></topLvl></VectSpatRep></spatRepInfo><spdoinfo><ptvctinf><esriterm Name="jordan_regions"><efeatyp Sync="TRUE">Simple</efeatyp><efeageom code="4" Sync="TRUE"></efeageom><esritopo Sync="TRUE">FALSE</esritopo><efeacnt Sync="TRUE">0</efeacnt><spindex Sync="TRUE">FALSE</spindex><linrefer Sync="TRUE">FALSE</linrefer></esriterm></ptvctinf></spdoinfo><eainfo><detailed Name="jordan_regions"><enttyp><enttypl Sync="TRUE">jordan_regions</enttypl><enttypt Sync="TRUE">Feature Class</enttypt><enttypc Sync="TRUE">0</enttypc></enttyp><attr><attrlabl Sync="TRUE">FID</attrlabl><attalias Sync="TRUE">FID</attalias><attrtype Sync="TRUE">OID</attrtype><attwidth Sync="TRUE">4</attwidth><atprecis Sync="TRUE">0</atprecis><attscale Sync="TRUE">0</attscale><attrdef Sync="TRUE">Internal feature number.</attrdef><attrdefs Sync="TRUE">Esri</attrdefs><attrdomv><udom Sync="TRUE">Sequential unique whole numbers that are automatically generated.</udom></attrdomv></attr><attr><attrlabl Sync="TRUE">Shape</attrlabl><attalias Sync="TRUE">Shape</attalias><attrtype Sync="TRUE">Geometry</attrtype><attwidth Sync="TRUE">0</attwidth><atprecis Sync="TRUE">0</atprecis><attscale Sync="TRUE">0</attscale><attrdef Sync="TRUE">Feature geometry.</attrdef><attrdefs Sync="TRUE">Esri</attrdefs><attrdomv><udom Sync="TRUE">Coordinates defining the features.</udom></attrdomv></attr><attr><attrlabl Sync="TRUE">Population</attrlabl><attalias Sync="TRUE">Population</attalias><attrtype Sync="TRUE">Integer</attrtype><attwidth Sync="TRUE">10</attwidth><atprecis Sync="TRUE">10</atprecis><attscale Sync="TRUE">0</attscale></attr><attr><attrlabl Sync="TRUE">RegionName</attrlabl><attalias Sync="TRUE">RegionName</attalias><attrtype Sync="TRUE">String</attrtype><attwidth Sync="TRUE">254</attwidth><atprecis Sync="TRUE">0</atprecis><attscale Sync="TRUE">0</attscale></attr></detailed></eainfo><mdDateSt Sync="TRUE">20201125</mdDateSt></metadata>
